id,title,description,photo,price,category_id,seller_id,created,updated
1,Lepus arcticus,Arabis schistacea Rollins,gafas.jpg,2426,14,15,2023-01-05 14:43:42,2023-05-16 01:10:06
2,Geochelone radiata,Lespedeza stuevei Nutt.,gafas.jpg,7470,16,29,2022-11-08 19:45:13,2023-09-05 15:06:07
3,Gorilla gorilla,Drymaria pachyphylla Wooton & Standl.,gafas.jpg,28,5,49,2023-08-12 01:35:42,2023-04-22 12:59:55
4,Aonyx cinerea,Sarracenia Ã—harperi C.R. Bell,gafas.jpg,9024,19,21,2023-02-08 13:45:07,2023-01-03 01:03:02
5,Melursus ursinus,Pandanus cominsii Hemsl.,gafas.jpg,8571,13,39,2023-08-07 11:35:32,2022-11-09 12:22:11
6,Acrantophis madagascariensis,Caesalpinia monensis Britton,gafas.jpg,2844,12,37,2023-10-17 09:07:07,2023-06-30 15:06:37
7,Stenella coeruleoalba,Carex plantaginea Lam.,gafas.jpg,8122,9,27,2023-04-04 21:35:15,2023-09-14 18:04:33
8,unavailable,Opuntia ellisiana Griffiths,gafas.jpg,7184,4,45,2023-10-30 23:53:13,2023-06-01 13:36:23
9,Bucorvus leadbeateri,Brachypodium phoenicoides (L.) Roem. & Schult.,gafas.jpg,5503,6,37,2023-03-05 23:03:56,2023-02-14 09:21:50
10,Bubo sp.,Aspicilia myrinii (Fr.) Stein,gafas.jpg,5416,7,4,2023-09-27 04:14:36,2023-10-17 03:18:39
11,Theropithecus gelada,Costus malortieanus H. Wendl.,gafas.jpg,7130,7,22,2023-04-02 19:40:22,2023-01-26 07:37:33
12,Canis lupus baileyi,Bromus aleutensis Trin. ex Griseb.,gafas.jpg,7156,4,30,2023-07-25 00:34:48,2023-09-11 04:27:25
13,Madoqua kirkii,Jepsonia heterandra Eastw.,gafas.jpg,8035,13,35,2022-12-07 03:22:25,2023-04-28 06:50:16
14,Cervus duvauceli,Encelia resinifera C. Clark ssp. tenuifolia C. Clark,gafas.jpg,8189,4,34,2023-10-13 19:36:39,2023-10-06 09:11:52
15,Phoca vitulina,Janusia gracilis A. Gray,gafas.jpg,1637,5,20,2023-04-23 10:07:46,2023-01-25 01:20:08
16,Geospiza sp.,Cirsium fontinale (Greene) Jeps. var. obispoense J.T. Howell,gafas.jpg,7491,1,14,2023-06-16 03:56:18,2022-12-21 10:32:24
17,Stercorarius longicausus,Cymopterus basalticus M.E. Jones,gafas.jpg,3472,14,5,2023-07-07 05:03:55,2023-08-15 16:59:21
18,Anser caerulescens,Cinnamomum aromaticum Nees,gafas.jpg,5031,18,25,2023-08-01 11:08:58,2023-05-28 02:19:25
19,Sauromalus obesus,Physcia duplicorticata W.A. Weber & J.W. Thomson,gafas.jpg,9390,11,7,2023-01-05 17:14:27,2023-01-03 12:24:40
20,Damaliscus dorcas,Eupatorium hyssopifolium L.,gafas.jpg,6185,12,29,2023-10-14 22:44:16,2023-07-11 22:27:19
21,Ceratotherium simum,Rimularia insularis (Nyl.) Rambold & Hertel,gafas.jpg,6781,4,46,2023-03-03 05:23:49,2023-05-02 18:01:03
22,Tyto novaehollandiae,Solanum pseudocapsicum L.,gafas.jpg,4645,1,49,2023-01-13 19:05:46,2023-09-30 23:34:35
23,Bubalus arnee,Plantago rugelii Decne.,gafas.jpg,7400,3,45,2023-08-11 07:16:18,2023-09-20 02:08:28
24,Felis chaus,Madia elegans D. Don ex Lindl. ssp. densifolia (Greene) D.D. Keck,gafas.jpg,877,13,31,2023-01-29 11:05:00,2023-06-13 23:10:28
25,Ara chloroptera,Tectaria fimbriata (Willd.) Proctor & Lourteig,gafas.jpg,9788,8,43,2023-05-31 06:40:52,2023-05-31 20:29:14
26,Creagrus furcatus,Buellia wheeleri R.C. Harris,gafas.jpg,780,11,37,2023-06-14 00:06:49,2023-08-31 05:29:23
27,Crotalus adamanteus,Hedysarum boreale Nutt.,gafas.jpg,9579,9,24,2023-09-15 19:13:15,2023-03-27 18:43:04
28,Pycnonotus barbatus,Rubus navus L.H. Bailey,gafas.jpg,4002,6,24,2023-02-15 06:39:46,2023-08-20 12:01:43
29,Coluber constrictor foxii,Gilia tenuiflora Benth. ssp. amplifaucalis A.D. Grant & V.E. Grant,gafas.jpg,555,20,4,2023-04-17 07:39:01,2023-01-10 20:38:35
30,Upupa epops,Clermontia oblongifolia Gaudich. ssp. oblongifolia,gafas.jpg,2504,18,7,2023-01-30 20:19:22,2023-09-11 13:39:08
31,Acrantophis madagascariensis,Heterotheca sessiliflora (Nutt.) Shinners ssp. echioides (Benth.) Semple var. echioides,gafas.jpg,1502,13,24,2022-12-13 09:50:51,2023-09-02 11:39:45
32,Connochaetus taurinus,Aristida purpurea Nutt. var. nealleyi (Vasey) Allred,gafas.jpg,8168,3,31,2023-08-25 23:21:43,2023-01-21 04:20:46
33,Sarcorhamphus papa,Podocarpus nubigenus Lindl.,gafas.jpg,5842,12,26,2023-08-24 05:35:02,2023-03-16 16:09:30
34,Merops bullockoides,Carex scopulorum T. Holm var. bracteosa (L.H. Bailey) F.J. Herm.,gafas.jpg,4601,16,8,2023-08-26 01:18:57,2023-01-05 02:01:24
35,Trichoglossus chlorolepidotus,Rubus uniformis L.H. Bailey,gafas.jpg,4942,16,45,2023-10-14 23:03:43,2023-02-03 01:57:32
36,Paraxerus cepapi,Marsypianthes Mart. ex Benth.,gafas.jpg,9789,12,50,2023-06-07 19:54:33,2023-01-16 00:20:49
37,Spizaetus coronatus,Aegle Corr. Serr.,gafas.jpg,4004,12,44,2023-06-08 04:09:42,2023-02-16 06:10:39
38,Zonotrichia capensis,Lycium fremontii A. Gray,gafas.jpg,5843,19,31,2023-08-27 07:41:50,2023-01-04 20:25:10
39,Phalacrocorax niger,Uniola paniculata L.,gafas.jpg,4098,11,1,2023-05-10 21:54:04,2023-01-06 19:23:46
40,Orcinus orca,Delissea niihauensis H. St. John ssp. kauaiensis (Lammers) Lammers,gafas.jpg,2605,16,34,2023-08-01 09:06:19,2023-04-06 17:44:45
41,Hippopotamus amphibius,Senecio sphaerocephalus Greene,gafas.jpg,9074,1,2,2023-04-23 19:51:26,2023-03-28 16:04:26
42,Callorhinus ursinus,Desmatodon heimii (Hedw.) Mitt.,gafas.jpg,2042,20,16,2023-09-17 01:28:46,2023-05-21 13:24:28
43,Oryx gazella callotis,Sanguisorba canadensis L.,gafas.jpg,5882,4,24,2023-10-24 20:45:52,2022-12-13 09:42:36
44,Casmerodius albus,Xanthoparmelia psoromifera (Kurok.) Hale,gafas.jpg,3181,14,40,2022-12-13 12:41:14,2022-12-07 03:06:48
45,Philetairus socius,Polemonium pulcherrimum Hook. ssp. lindleyi (Wherry) V.E. Grant,gafas.jpg,6428,12,9,2023-01-29 11:45:30,2023-04-13 06:19:09
46,Estrilda erythronotos,Phacelia cookei Constance & Heckard,gafas.jpg,993,7,11,2022-11-07 10:43:08,2023-02-09 01:27:47
47,Phasianus colchicus,Symphoricarpos albus (L.) S.F. Blake var. albus,gafas.jpg,5614,17,40,2023-05-17 04:41:04,2023-09-23 07:58:04
48,Felis silvestris lybica,Rosa nutkana C. Presl var. nutkana,gafas.jpg,2641,9,32,2022-12-24 06:21:05,2023-05-12 08:51:29
49,Loris tardigratus,Lisianthius laxiflorus Urb.,gafas.jpg,4619,10,9,2023-10-28 01:30:32,2023-08-31 05:55:33
50,Lemur fulvus,Gentianopsis macrantha (D. Don ex G. Don) Iltis,gafas.jpg,5924,11,4,2023-03-04 22:06:27,2023-05-28 01:32:00
51,Tiliqua scincoides,Cooperia Herb.,gafas.jpg,5967,3,44,2023-06-14 17:06:04,2022-12-16 23:37:51
52,Alopochen aegyptiacus,Streptopus amplexifolius (L.) DC. var. chalazatus Fassett,gafas.jpg,6634,15,13,2023-04-22 11:14:19,2022-11-30 03:47:44
53,Bubalornis niger,Scutellaria cardiophylla Engelm. & A. Gray,gafas.jpg,9455,4,2,2023-01-19 04:45:54,2022-12-19 01:13:39
54,Oxybelis fulgidus,Gypsophila paniculata L.,gafas.jpg,9898,11,40,2023-07-17 09:35:30,2023-10-13 14:45:30
55,Phalacrocorax carbo,Psychotria maleolens Urb.,gafas.jpg,2511,5,28,2023-08-07 22:44:40,2023-08-02 06:51:32
56,Pedetes capensis,Alopecurus carolinianus Walter,gafas.jpg,2678,2,26,2023-08-06 22:46:52,2023-10-12 19:22:57
57,Paroaria gularis,Grammitis aspleniifolia (L.) Proctor,gafas.jpg,4505,18,44,2022-12-30 12:39:41,2022-11-30 17:22:28
58,Morelia spilotes variegata,Valeriana edulis Nutt. ex Torr. & A. Gray,gafas.jpg,9585,20,2,2022-11-16 15:09:35,2022-11-19 01:06:00
59,Aegypius tracheliotus,Lilium grayi S. Watson,gafas.jpg,1788,8,49,2023-09-14 14:33:10,2022-12-27 16:28:08
60,Raphicerus campestris,Eriogonum hylophilum Reveal & Brotherson,gafas.jpg,4405,19,8,2023-09-12 17:04:02,2023-05-14 00:45:08
61,Eumetopias jubatus,Tabebuia rigida Urb.,gafas.jpg,4114,14,7,2023-04-09 16:17:31,2023-08-03 17:23:10
62,Agelaius phoeniceus,Olearia Moench,gafas.jpg,7016,6,1,2023-05-07 10:29:22,2023-06-28 07:35:51
63,Uraeginthus granatina,Veratrum californicum Durand var. californicum,gafas.jpg,797,13,40,2023-04-03 07:48:10,2023-08-02 04:03:10
64,Crax sp.,Crataegus douglasii Lindl.,gafas.jpg,3396,12,21,2023-07-28 06:07:21,2022-12-28 03:18:01
65,Hystrix cristata,Cladonia stricta (Nyl.) Nyl.,gafas.jpg,7061,6,9,2022-11-26 18:56:47,2022-11-25 12:01:42
66,Estrilda erythronotos,Hilaria belangeri (Steud.) Nash var. longifolia (Vasey) Hitchc.,gafas.jpg,3164,20,37,2023-10-29 09:22:08,2023-02-17 21:51:42
67,Drymarchon corias couperi,Lotus strigosus (Nutt.) Greene var. hirtellus (Greene) Ottley,gafas.jpg,2045,5,18,2022-12-02 00:40:39,2023-04-16 16:09:28
68,Trichosurus vulpecula,Paspalum guenoarum Arechav.,gafas.jpg,3403,20,18,2022-12-01 20:32:27,2023-01-14 22:44:16
69,Anastomus oscitans,Brickellia californica (Torr. & A. Gray) A. Gray,gafas.jpg,7677,10,38,2023-01-13 17:39:00,2023-06-05 13:05:56
70,Spizaetus coronatus,Psidium calyptranthoides Alain,gafas.jpg,8152,14,4,2023-04-10 00:11:59,2023-06-01 02:55:53
71,Megaderma spasma,Cladonia turgida Hoffm.,gafas.jpg,1973,11,35,2022-12-29 01:03:47,2023-05-03 04:53:32
72,Laniaurius atrococcineus,Synthyris missurica (Raf.) Pennell ssp. hirsuta Pennell,gafas.jpg,1250,11,21,2023-06-30 03:38:59,2023-01-28 21:31:00
73,Eumetopias jubatus,Notholaena grayi Davenport,gafas.jpg,10,20,26,2022-11-25 16:46:28,2023-09-27 10:15:49
74,Plectopterus gambensis,Lechea racemulosa Michx.,gafas.jpg,8766,6,21,2023-11-01 08:50:45,2023-03-16 10:08:59
75,Mazama gouazoubira,Millettia Wight & Arn.,gafas.jpg,9230,6,31,2022-12-09 08:16:10,2023-06-26 13:13:59
76,Plegadis ridgwayi,Astragalus duchesnensis M.E. Jones,gafas.jpg,1276,18,36,2023-09-25 07:57:08,2023-08-24 10:38:32
77,Panthera leo,Rubus riograndis L.H. Bailey,gafas.jpg,2109,2,10,2022-11-10 06:16:52,2023-07-30 11:40:51
78,Fratercula corniculata,Chamaesaracha villosa Rydb.,gafas.jpg,3002,20,37,2023-03-02 11:21:28,2023-04-10 19:42:14
79,Bos taurus,Angelica wheeleri S. Watson,gafas.jpg,4175,16,19,2023-07-27 17:14:33,2023-01-27 09:38:05
80,Cebus albifrons,Clematis socialis Kral,gafas.jpg,6019,13,46,2023-01-13 14:33:29,2023-06-29 08:38:30
81,Mephitis mephitis,Lecidea plebeja Nyl.,gafas.jpg,1939,4,29,2022-11-05 11:28:25,2023-03-11 00:47:00
82,Ciconia episcopus,Dermiscellum catawbense (Willey) Hafellner & Poelt,gafas.jpg,3674,7,15,2023-04-24 12:03:39,2023-08-29 06:12:24
83,Mycteria leucocephala,Darmera Voss,gafas.jpg,1031,19,4,2023-02-16 11:41:11,2023-03-06 21:37:47
84,Centrocercus urophasianus,Scirpus diffusus Schuyler,gafas.jpg,5626,11,13,2023-06-26 03:54:16,2023-07-21 16:10:48
85,Sarcophilus harrisii,Polygonum persicaria L.,gafas.jpg,3443,15,11,2023-05-07 08:18:28,2022-11-28 20:16:21
86,Numida meleagris,Gentiana newberryi A. Gray var. tiogana (A. Heller) J. Pringle,gafas.jpg,9325,2,14,2023-04-12 03:50:53,2023-10-20 23:10:00
87,Crocodylus niloticus,Eugenia glabrata (Sw.) DC.,gafas.jpg,2252,4,7,2023-05-03 15:45:17,2023-10-08 10:18:04
88,Tenrec ecaudatus,Senna ligustrina (L.) Irwin & Barneby,gafas.jpg,7597,2,21,2023-02-17 07:42:02,2023-05-05 13:39:42
89,Uraeginthus angolensis,Microthlaspi perfoliatum (L.) F.K. Mey.,gafas.jpg,3647,15,34,2023-05-02 01:49:21,2023-03-19 16:18:05
90,Chlamydosaurus kingii,Viola pinetorum Greene var. pinetorum,gafas.jpg,7794,17,17,2023-05-19 10:16:34,2022-12-17 00:46:37
91,Lasiodora parahybana,Shinnersoseris rostrata (A. Gray) S. Tomb,gafas.jpg,606,1,7,2023-05-17 22:03:35,2023-02-11 14:55:00
92,Laniaurius atrococcineus,Trichomanes minutum Blume,gafas.jpg,8093,6,4,2022-11-29 03:38:27,2023-07-12 22:51:30
93,Thylogale stigmatica,Antidaphne Poepp. & Endl.,gafas.jpg,937,14,5,2023-06-11 22:46:44,2023-10-28 10:56:21
94,Sylvicapra grimma,Croton sonorae Torr.,gafas.jpg,6588,9,40,2022-11-09 11:59:27,2022-11-28 12:39:23
95,Vanessa indica,Hesperocallis undulata A. Gray,gafas.jpg,3719,14,43,2023-04-11 00:25:26,2023-01-02 07:35:35
96,Dasyurus viverrinus,Crotalaria juncea L.,gafas.jpg,977,18,12,2023-07-23 03:29:54,2023-09-07 11:40:55
97,Orcinus orca,Minuartia biflora (L.) Schinz & Thell.,gafas.jpg,3575,20,12,2023-07-14 18:54:35,2023-08-12 03:59:32
98,Zenaida galapagoensis,"Weissia inoperculata (H.A. Crum) H.A. Crum, Steere & L.E. Anderson",gafas.jpg,8217,1,24,2022-12-05 10:59:29,2023-09-08 08:05:26
99,Bettongia penicillata,Lomatium hendersonii (J.M. Coult. & Rose) J.M. Coult. & Rose,gafas.jpg,9464,10,39,2023-06-26 03:56:52,2023-08-16 13:31:29
100,Cervus duvauceli,Coreopsis hamiltonii (Elmer) H. Sharsm.,gafas.jpg,3163,2,4,2023-06-18 13:59:13,2023-06-11 05:24:49
101,waaaa,wwq,no_image.png,21,1,,2023-11-03 16:44:46,2023-11-03 16:44:46
102,kkkk,kkkkk,0ee0e3bb-aea6-4fb0-9788-e747948c39f9-imagen.jpeg,9,1,,2023-11-03 17:39:33,2023-11-03 17:39:33
103,ssss,ssss,2f0d29eb-f28c-49de-a01a-19a40319592c-imagen.jpeg,12,1,,2023-11-03 17:40:06,2023-11-03 17:40:06
