id,name,email,password,created,updated
1,Janette,jfold0@miibeian.gov.cn,$2a$04$.GENI/8lmI/mgQ7hNbm0s.Jsw55qtaEVmxEyGDt0at/zq6wzs999W,2023-09-05 17:03:37,2023-07-01 12:00:04
2,Cymbre,cdairton1@mozilla.org,$2a$04$7K2KaavfxESAk7B4.qsZ2.dFU1QBzSCQgoLU67ESPXD40f166I7Ui,2023-07-31 21:10:52,2023-02-06 09:50:36
3,Shandie,shawkeridge2@weibo.com,$2a$04$/5qiccc7ezzKHlm/h7Jes.ztqk7MG5VgsP3MjaUmfkTHC6lWTgs2i,2022-12-06 17:39:34,2023-09-30 21:18:37
4,Lambert,lchadwick3@scribd.com,$2a$04$QdPwVlDeKBY6GSqNJCzqYO7TvHuxHs0Lm1vTatNYlT/2t5ugV/OW6,2023-01-17 21:05:20,2023-01-24 16:18:47
5,Arleen,adeinhard4@smh.com.au,$2a$04$9XrJ1.cOn9GYcBNWmjG9YeL.PY14xOIkP4gGHlm4XZc7iAzNyfBW2,2023-05-17 22:36:38,2023-05-03 09:40:32
6,Junie,jludee5@cnn.com,$2a$04$mhtPU1a/Uy.dFQvGXk5Iju9H/AEQaT8QiEbLBsrUHLfWWY6uYt7b2,2023-04-14 21:56:03,2023-04-20 01:40:27
7,Lilian,lmckinnell6@networksolutions.com,$2a$04$HLe4.QEpucJTXo0Zbbo0geSqy659F5e.CS8hVVOX3s.afhQ1XvJ.C,2023-02-12 04:52:50,2023-04-13 17:38:46
8,Ezri,eyankin7@vimeo.com,$2a$04$m6TdOi1bVtRXPGyIc3gaIOOI2Tn7fcA6aWXhGsRsDPvGCQXgBkOFG,2023-10-23 04:38:31,2022-11-20 13:25:30
9,Karena,kpirouet8@newyorker.com,$2a$04$3UMEFeW.yAgbod.TpDtwKOAVmHlEWUKilmtx9pN0Whus2d/G1bTzq,2023-01-05 17:45:28,2023-04-12 06:54:25
10,Franciskus,fterren9@indiatimes.com,$2a$04$SFwyx/2B/ItAX6B.pht05uTJG5utlB5PbKI8Gw5IB9H0EWKjrSI8G,2023-09-18 08:23:56,2023-10-16 03:36:24
11,Myranda,mvenningsa@chronoengine.com,$2a$04$qMo6dgezISWcxKNb0HJRLOgjW4jH8YxFYK4YFFAON/duFq2WxZc1C,2023-04-16 17:51:19,2022-11-27 22:16:18
12,Meggi,mbroeb@mayoclinic.com,$2a$04$obz1BJi.GmEaTkXV.k5zBO.YdpWxWtVnia58VKt0CTCtUzKGHDaiK,2023-05-14 06:38:46,2023-01-16 03:19:55
13,Jolene,jvawtonc@buzzfeed.com,$2a$04$RNs7y3lE43.5QlepCfBnz.Fe2p3SGL6hQl3K/jAonTqfTz6EstNWm,2023-06-30 20:52:50,2023-07-16 03:56:46
14,Evangelin,efrymand@chron.com,$2a$04$iv0feu1bdqpuwqWkQdfnCuiqFdNMItObXJcWBapManW.PXf7AMvCi,2023-06-11 00:35:24,2023-04-11 03:54:40
15,Rosabelle,rhadlowe@hc360.com,$2a$04$1z/8F2AiljizvYEXbG/wBOmuGQTYw3r86pRGW9nfceJLu08ZIjsbm,2023-10-10 07:21:34,2023-09-20 20:54:20
16,Codie,cdyettf@craigslist.org,$2a$04$RWnRhZigR/1sRz1JjN9stOycqyjLxHRCd32GO9mcAsgIxRudtW.A2,2023-09-12 06:59:55,2023-05-08 10:37:01
17,Jolee,jpriceg@hao123.com,$2a$04$VRQzh/c6yQhvNA8RBxrPfOVwH964RE3z4vL1i40qc5CMmAnqDYNTu,2023-03-01 12:26:22,2023-08-25 16:01:26
18,Winston,wstorchh@auda.org.au,$2a$04$oHFr8BX840xX.3FvE7r1/ee0kd4waeAUvroxM8id3GTlnFRunoNEy,2023-02-21 22:41:46,2023-05-10 12:57:56
19,Legra,locorreni@cmu.edu,$2a$04$zlV/2.EvDnKvGAufC0hN6u8pOLQYlbCpksTUudFzRhLz6vfLSn3w6,2023-08-24 04:23:04,2022-11-02 17:49:17
20,Silvia,sfinlaterj@forbes.com,$2a$04$G0E8/JX.qoYvq6.0R00Tb.CNpoHzCRByWu/fAMQpGzU2Vj89rkTYi,2023-04-19 06:44:25,2023-10-21 20:41:22
21,Clari,clemonbyk@bravesites.com,$2a$04$kGO4L35ELvF5i7EV7NHzSOIOAerdSfBsx2XQJPGJwjjPSiCU6UCP6,2023-09-11 00:57:59,2023-09-04 21:17:36
22,Elysee,eallcoatl@google.com.br,$2a$04$OGg9Fh5GYjslSmMJt58qsO9mmpPQzcMVCIHsPH28Tqz2KN9mVQPPK,2023-03-03 03:09:31,2023-05-18 21:25:48
23,Kaja,klandym@slashdot.org,$2a$04$hpJdaiv8cy/Gkns1xZX4fOW7/0A8vTVE0HAzONcKYE1bJ61W6ZV1q,2022-10-30 01:47:27,2023-02-14 11:26:03
24,Jenelle,jbattrumn@boston.com,$2a$04$K4K28wo2BO5nKUGhsooOP.Aa4kTf34IY6mQrzIYrI4RAYt4fthszi,2023-04-17 18:30:17,2023-06-16 02:15:29
25,Jerad,jdassindaleo@reddit.com,$2a$04$lxXOd1/Y8.fiSOXrmCSzcuQo/yNMqd6742on8xLfzKYDopknjYeja,2023-07-28 16:07:34,2023-01-26 04:03:20
26,Darnell,dpignep@vk.com,$2a$04$S1nlCcbFHL6pscMCY21wleJW9aYHl2eMZtkjj.d3Ghv0Ynn7iGPjG,2023-05-08 01:30:21,2023-01-07 21:46:56
27,Scot,sdibsdaleq@mapy.cz,$2a$04$wr3mMtIs7G78T7vY1cWsL.xZLbEf4i1t3wFd.DsMmID2JOAMgBpWm,2023-06-14 02:19:02,2023-05-06 21:49:07
28,Aeriela,ajouhningr@wiley.com,$2a$04$ux3rKtNJqkx/08bBVdKt8u/BE2/QOPaRg9P.7d2b1gWeKzFqAD.T2,2022-11-02 07:31:58,2022-12-03 06:53:43
29,Wat,wcanteros@statcounter.com,$2a$04$ZCIVL6cdxfYNw330CUUVDel5WBzRpKE/haX9kmjsDSGC8z2NOmnj6,2023-09-16 11:07:00,2023-06-11 16:49:19
30,Willi,wgethingt@privacy.gov.au,$2a$04$ltqnRQhwPd1zMz86QHdxEuHv3hDzkn8tslPb/Sya7iImtyMTGlx5a,2023-07-25 11:32:58,2023-02-20 17:39:02
31,Karim,ksprosonu@bloglovin.com,$2a$04$v3vFcAjw665XwDEmvCYmyeK8iB6MYoUVmALoAYzEOWsdWd7h1jcAu,2023-10-17 12:09:32,2023-07-17 05:25:07
32,Devonne,daggottv@addthis.com,$2a$04$o6tYITmAOpoSCoewZQbg.e2w8mn7lDc0yjqQe7Hi8c0MaOpl11O3y,2023-04-07 14:52:57,2023-08-29 11:46:39
33,Hayden,hduforew@sohu.com,$2a$04$C3OiCGgfhQEKG0fkBHSS3uzI/QDHfhNW/DqsZcIDfP7moEd07wcce,2023-01-31 07:05:37,2023-04-22 04:49:49
34,Reginauld,rsinex@google.com,$2a$04$J/MscohEF987717xrgNOBucFHMAxh8XsAMeLLAuMGYdjsTSqXcHtK,2023-02-12 23:04:21,2023-09-14 18:51:02
35,Mora,mbesselly@spiegel.de,$2a$04$0YrKWWeMVAlUI3p89KS8betG/N9NgElBtv.xYXD2NzIHduBZSVjVy,2022-10-29 05:24:41,2023-07-31 06:54:36
36,Celene,cjambrozekz@jiathis.com,$2a$04$TdS6YFagVRwginxJ1W3sdenpaO7ZbC9Uou1E1tZIEBuSe54b2fwl2,2023-06-10 17:53:38,2023-06-09 18:17:30
37,Anders,aseabrooke10@dailymail.co.uk,$2a$04$h..I6m2k2VAv/qcAnpzifeYoa4l6OIOTPlJg6A8AGMpQmP3BP3v0m,2023-06-20 14:24:54,2023-09-11 00:20:49
38,Donetta,doultram11@yolasite.com,$2a$04$ir9YCr6raSwrDLjnMYVzkeZwRPG48qxYnEVKUOeaAuBqeIOuc5A8e,2023-03-21 07:36:21,2023-02-17 13:39:03
39,Melany,mrusson12@angelfire.com,$2a$04$HAiW.uLnXuFXqd/RYfS3ruuUsm9yb2Nsxl/.ZYwEPLVTL3eNuMfgu,2023-10-06 05:59:44,2023-07-28 20:18:53
40,Fons,fgillon13@loc.gov,$2a$04$RLXsb1j3TyJ21rOUsGUhmeXbeYa1QpA6OFB8G3BC76tWbodIDLnmi,2023-07-16 18:19:16,2022-12-03 14:28:09
41,Ailbert,acleaver14@edublogs.org,$2a$04$7eP6aiPoIJqdKBHWWJfHlerXdMJQaO3AnQss3dKueMcrL18cGCxeS,2023-06-10 17:30:40,2023-07-14 14:49:37
42,Adam,avankeev15@technorati.com,$2a$04$LWbmFq3TblxmESp9IXAGM.oGG7SzDBdXsEdfrL0wgE7LWyKp62EXu,2022-11-22 08:40:55,2023-03-31 15:07:47
43,Henriette,hsammes16@sourceforge.net,$2a$04$juC/eY0YJAJXYX0uESQWeOdNBv4LK6IbU3okk3Vr/m/2VMAPHBTCS,2023-09-17 09:36:09,2023-10-10 15:30:50
44,Edgard,estubbley17@123-reg.co.uk,$2a$04$HwNNiB/7JQybldonSx1dmO.S/TF/MtYfRoi0HJHRMeRfpUueiSpze,2022-11-05 22:22:41,2023-09-21 07:57:19
45,Alec,aciardo18@washington.edu,$2a$04$0WL3FvoToFZ8inspNsoyhuvvuR4TtRhNCUFgzrvVn5dVVYV5jhI/6,2023-02-21 07:40:20,2023-03-23 05:43:54
46,Christina,cmaylard19@google.com,$2a$04$llSX/kP9Ugkr.4NiIQlT9uYGb/1VTrizjf8QNu6dtpmEzZadczLae,2023-01-24 06:49:43,2023-08-15 12:50:49
47,Bettina,bandrault1a@rediff.com,$2a$04$nlSFmJd0NGKHM58Apvt4Ees.6dU1fZ8zwMP57QB2uM3OoHC3at9Da,2023-10-22 04:41:04,2023-06-13 18:19:37
48,Julietta,jjacquemot1b@edublogs.org,$2a$04$Ao7iRpQ3Iyi6c9whvclTdeUSqNfZtFGXjbNyOCIgECMcikWMP2YhG,2023-01-27 01:43:05,2023-10-05 09:51:12
49,Alexio,aeginton1c@freewebs.com,$2a$04$pPKCfEEgCPa462vUR.iMs.BwmsE/uIkabXJjZ7Xylnv5CAhD/.e4K,2023-02-10 15:06:43,2022-11-06 15:33:23
50,Genni,gthonason1d@slate.com,$2a$04$jSAs9gF5LzV89oV3r00mK.Cu/LsjbioJ/yR2E0E97HMoaeKSl/peu,2023-07-23 07:11:30,2023-07-14 01:57:16
