id,name,email,role,password,email_token,verified,created,updated,token,token_expiration
55,Janette,jfold0@miibeian.gov.cn,wanner,scrypt:32768:8:1$V2RgUhgM1MhDPA5s$e59cbb50895a28c29018a232f415608c040c41d0eba9d9428977bc48c85cb76a2f108cbfaf4edbee8f601eb92a74150e8332bfb45d3e19ad8712b58f162d69f06,rTBye5bPPqgoZ_f_NQg2Wp-J7Rk,1,2024-02-02 17:56:22,2024-02-02 17:56:22,,
56,Cymbre,cdairton1@mozilla.org,wanner,scrypt:32768:8:1$V2RgUhgM1MhDPA5s$e59cbb50895a28c29018a232f415608c040c41d0eba9d9428977bc48c85cb76a2f108cbfaf4edbee8f601eb92a74150e8332bfb45d3e19ad8712b58f162d69f07,rTBye5bPPqgoZ_f_NQg2Wp-J7Rk,1,2024-02-02 17:56:22,2024-02-02 17:56:22,,
57,Shandie,shawkeridge2@weibo.com,wanner,scrypt:32768:8:1$V2RgUhgM1MhDPA5s$e59cbb50895a28c29018a232f415608c040c41d0eba9d9428977bc48c85cb76a2f108cbfaf4edbee8f601eb92a74150e8332bfb45d3e19ad8712b58f162d69f08,rTBye5bPPqgoZ_f_NQg2Wp-J7Rk,1,2024-02-02 17:56:22,2024-02-02 17:56:22,,
58,Lambert,lchadwick3@scribd.com,wanner,scrypt:32768:8:1$V2RgUhgM1MhDPA5s$e59cbb50895a28c29018a232f415608c040c41d0eba9d9428977bc48c85cb76a2f108cbfaf4edbee8f601eb92a74150e8332bfb45d3e19ad8712b58f162d69f09,rTBye5bPPqgoZ_f_NQg2Wp-J7Rk,1,2024-02-02 17:56:22,2024-02-02 17:56:22,,
59,Arleen,adeinhard4@smh.com.au,wanner,scrypt:32768:8:1$V2RgUhgM1MhDPA5s$e59cbb50895a28c29018a232f415608c040c41d0eba9d9428977bc48c85cb76a2f108cbfaf4edbee8f601eb92a74150e8332bfb45d3e19ad8712b58f162d69f10,rTBye5bPPqgoZ_f_NQg2Wp-J7Rk,1,2024-02-02 17:56:22,2024-02-02 17:56:22,,
60,Junie,jludee5@cnn.com,wanner,scrypt:32768:8:1$V2RgUhgM1MhDPA5s$e59cbb50895a28c29018a232f415608c040c41d0eba9d9428977bc48c85cb76a2f108cbfaf4edbee8f601eb92a74150e8332bfb45d3e19ad8712b58f162d69f11,rTBye5bPPqgoZ_f_NQg2Wp-J7Rk,1,2024-02-02 17:56:22,2024-02-02 17:56:22,,
61,Lilian,lmckinnell6@networksolutions.com,wanner,scrypt:32768:8:1$V2RgUhgM1MhDPA5s$e59cbb50895a28c29018a232f415608c040c41d0eba9d9428977bc48c85cb76a2f108cbfaf4edbee8f601eb92a74150e8332bfb45d3e19ad8712b58f162d69f10,rTBye5bPPqgoZ_f_NQg2Wp-J7Rk,1,2024-02-02 17:56:22,2024-02-02 17:56:22,,
62,Ezri,eyankin7@vimeo.com,wanner,scrypt:32768:8:1$V2RgUhgM1MhDPA5s$e59cbb50895a28c29018a232f415608c040c41d0eba9d9428977bc48c85cb76a2f108cbfaf4edbee8f601eb92a74150e8332bfb45d3e19ad8712b58f162d69f9,rTBye5bPPqgoZ_f_NQg2Wp-J7Rk,1,2024-02-02 17:56:22,2024-02-02 17:56:22,,
63,Karena,kpirouet8@newyorker.com,wanner,scrypt:32768:8:1$V2RgUhgM1MhDPA5s$e59cbb50895a28c29018a232f415608c040c41d0eba9d9428977bc48c85cb76a2f108cbfaf4edbee8f601eb92a74150e8332bfb45d3e19ad8712b58f162d69f8,rTBye5bPPqgoZ_f_NQg2Wp-J7Rk,1,2024-02-02 17:56:22,2024-02-02 17:56:22,,
64,Franciskus,fterren9@indiatimes.com,wanner,scrypt:32768:8:1$V2RgUhgM1MhDPA5s$e59cbb50895a28c29018a232f415608c040c41d0eba9d9428977bc48c85cb76a2f108cbfaf4edbee8f601eb92a74150e8332bfb45d3e19ad8712b58f162d69f7,rTBye5bPPqgoZ_f_NQg2Wp-J7Rk,1,2024-02-02 17:56:22,2024-02-02 17:56:22,,
65,Myranda,mvenningsa@chronoengine.com,wanner,scrypt:32768:8:1$V2RgUhgM1MhDPA5s$e59cbb50895a28c29018a232f415608c040c41d0eba9d9428977bc48c85cb76a2f108cbfaf4edbee8f601eb92a74150e8332bfb45d3e19ad8712b58f162d69f6,rTBye5bPPqgoZ_f_NQg2Wp-J7Rk,1,2024-02-02 17:56:22,2024-02-02 17:56:22,,
66,Meggi,mbroeb@mayoclinic.com,wanner,scrypt:32768:8:1$V2RgUhgM1MhDPA5s$e59cbb50895a28c29018a232f415608c040c41d0eba9d9428977bc48c85cb76a2f108cbfaf4edbee8f601eb92a74150e8332bfb45d3e19ad8712b58f162d69f5,rTBye5bPPqgoZ_f_NQg2Wp-J7Rk,1,2024-02-02 17:56:22,2024-02-02 17:56:22,,
67,Jolene,jvawtonc@buzzfeed.com,wanner,scrypt:32768:8:1$V2RgUhgM1MhDPA5s$e59cbb50895a28c29018a232f415608c040c41d0eba9d9428977bc48c85cb76a2f108cbfaf4edbee8f601eb92a74150e8332bfb45d3e19ad8712b58f162d69f4,rTBye5bPPqgoZ_f_NQg2Wp-J7Rk,1,2024-02-02 17:56:22,2024-02-02 17:56:22,,
68,Evangelin,efrymand@chron.com,wanner,scrypt:32768:8:1$V2RgUhgM1MhDPA5s$e59cbb50895a28c29018a232f415608c040c41d0eba9d9428977bc48c85cb76a2f108cbfaf4edbee8f601eb92a74150e8332bfb45d3e19ad8712b58f162d69f3,rTBye5bPPqgoZ_f_NQg2Wp-J7Rk,1,2024-02-02 17:56:22,2024-02-02 17:56:22,,
69,Rosabelle,rhadlowe@hc360.com,wanner,scrypt:32768:8:1$V2RgUhgM1MhDPA5s$e59cbb50895a28c29018a232f415608c040c41d0eba9d9428977bc48c85cb76a2f108cbfaf4edbee8f601eb92a74150e8332bfb45d3e19ad8712b58f162d69f2,rTBye5bPPqgoZ_f_NQg2Wp-J7Rk,1,2024-02-02 17:56:22,2024-02-02 17:56:22,,
70,Codie,cdyettf@craigslist.org,wanner,scrypt:32768:8:1$V2RgUhgM1MhDPA5s$e59cbb50895a28c29018a232f415608c040c41d0eba9d9428977bc48c85cb76a2f108cbfaf4edbee8f601eb92a74150e8332bfb45d3e19ad8712b58f162d69f1,rTBye5bPPqgoZ_f_NQg2Wp-J7Rk,1,2024-02-02 17:56:22,2024-02-02 17:56:22,,
71,Jolee,jpriceg@hao123.com,wanner,scrypt:32768:8:1$V2RgUhgM1MhDPA5s$e59cbb50895a28c29018a232f415608c040c41d0eba9d9428977bc48c85cb76a2f108cbfaf4edbee8f601eb92a74150e8332bfb45d3e19ad8712b58f162d69f0,rTBye5bPPqgoZ_f_NQg2Wp-J7Rk,1,2024-02-02 17:56:22,2024-02-02 17:56:22,,
72,Winston,wstorchh@auda.org.au,wanner,scrypt:32768:8:1$V2RgUhgM1MhDPA5s$e59cbb50895a28c29018a232f415608c040c41d0eba9d9428977bc48c85cb76a2f108cbfaf4edbee8f601eb92a74150e8332bfb45d3e19ad8712b58f162d69f1,rTBye5bPPqgoZ_f_NQg2Wp-J7Rk,1,2024-02-02 17:56:22,2024-02-02 17:56:22,,
73,Legra,locorreni@cmu.edu,wanner,scrypt:32768:8:1$V2RgUhgM1MhDPA5s$e59cbb50895a28c29018a232f415608c040c41d0eba9d9428977bc48c85cb76a2f108cbfaf4edbee8f601eb92a74150e8332bfb45d3e19ad8712b58f162d69f2,rTBye5bPPqgoZ_f_NQg2Wp-J7Rk,1,2024-02-02 17:56:22,2024-02-02 17:56:22,,
74,Silvia,sfinlaterj@forbes.com,wanner,scrypt:32768:8:1$V2RgUhgM1MhDPA5s$e59cbb50895a28c29018a232f415608c040c41d0eba9d9428977bc48c85cb76a2f108cbfaf4edbee8f601eb92a74150e8332bfb45d3e19ad8712b58f162d69f3,rTBye5bPPqgoZ_f_NQg2Wp-J7Rk,1,2024-02-02 17:56:22,2024-02-02 17:56:22,,
75,Clari,clemonbyk@bravesites.com,wanner,scrypt:32768:8:1$V2RgUhgM1MhDPA5s$e59cbb50895a28c29018a232f415608c040c41d0eba9d9428977bc48c85cb76a2f108cbfaf4edbee8f601eb92a74150e8332bfb45d3e19ad8712b58f162d69f4,rTBye5bPPqgoZ_f_NQg2Wp-J7Rk,1,2024-02-02 17:56:22,2024-02-02 17:56:22,,
76,cristian,crmagu@fp.insjoaquimmir.cat,wanner,scrypt:32768:8:1$V2RgUhgM1MhDPA5s$e59cbb50895a28c29018a232f415608c040c41d0eba9d9428977bc48c85cb76a2f108cbfaf4edbee8f601eb92a74150e8332bfb45d3e19ad8712b58f162d69f5,rTBye5bPPqgoZ_f_NQg2Wp-J7Rk,1,2024-02-02 17:56:22,2024-02-02 17:56:22,,
77,gerard,gedica@fp.insjoaquimmir.cat,moderator,scrypt:32768:8:1$vS85xtjq2wd9lRby$4a3dbe64ac8892c4bb8af46f56654cfe11b950681773c4e18a4fb4b1eaabb9c5cc9fa7346f49257f864e3a4182536e415f84201f2470ea376a67d7b4ec297fce,rTBye5bPPqgoZ_f_NQg2Wp-J7Rk,1,2024-02-02 17:56:22,2024-02-02 17:56:22,,
